"AC (Accession Number)","DE (Protein Name)"
"A0A4Y1ZLB1","2-(3-amino-3-carboxypropyl)histidine synthase subunit 1, Diphthamide biosynthesis protein 1, Diphtheria toxin resistance protein 1, S-adenosyl-L-methionine:L-histidine 3-amino-3-carboxypropyltransferase 1"
"A0A4Y2UTU8","2-(3-amino-3-carboxypropyl)histidine synthase subunit 1, Diphthamide biosynthesis protein 1, Diphtheria toxin resistance protein 1, S-adenosyl-L-methionine:L-histidine 3-amino-3-carboxypropyltransferase 1"
"A0A4Y1ZKU0","2-(3-amino-3-carboxypropyl)histidine synthase subunit 1, Diphthamide biosynthesis protein 1, Diphtheria toxin resistance protein 1, S-adenosyl-L-methionine:L-histidine 3-amino-3-carboxypropyltransferase 1"
"A0A087URB0","Neurogenic locus Notch protein"
"A0A4Y2G8R1","Neurogenic locus Notch protein"
"T1KYK7","Uncharacterized protein"
"T1KKF3","HECT-type E3 ubiquitin transferase"
"A0A087UW83","2-(3-amino-3-carboxypropyl)histidine synthase subunit 1, Diphthamide biosynthesis protein 1, Diphtheria toxin resistance protein 1, S-adenosyl-L-methionine:L-histidine 3-amino-3-carboxypropyltransferase 1"
"T1JUW1","2-(3-amino-3-carboxypropyl)histidine synthase subunit 2, Diphthamide biosynthesis protein 2, Diphtheria toxin resistance protein 2"
"A0A4Y2BZU8","Neurogenic locus Notch protein"
"T1KYK2","Uncharacterized protein"
"A0A4Y2HZS2","Palmitoyltransferase"
"A0A4Y2FPB5","Diacylglycerol kinase"
"T1L4S0","Diacylglycerol kinase"
"A0A4Y2FMB9","Diacylglycerol kinase"
"S0F1N1","Omega-hexatoxin-Hvn1b_3 insecticidal toxin"
"S0F212","Omega-hexatoxin-Hvn1b_6 insecticidal toxin"
"S0F205","Omega-hexatoxin-Hvn1b_2 insecticidal toxin"
"S0F211","Omega-hexatoxin-Hvn1b_1 insecticidal toxin"
"A0A3G5APK9","Non-specific serine/threonine protein kinase"
"T1KH14","Palmitoyltransferase"
"A0A4Y2J9A9","Ankyrin repeat, SAM and basic leucine zipper domain-containing protein 1, Germ cell-specific ankyrin, SAM and basic leucine zipper domain-containing protein"
"A0A4Y2MWM9","Glutaminase"
"A0A4Y2NJT0","Non-specific serine/threonine protein kinase"
"A0A4Y2N959","Non-specific serine/threonine protein kinase"
"A0A4Y2BMQ8","Non-specific serine/threonine protein kinase"
"A0A4Q8KBH1","U14-Hexatoxin-Hc1a_5"
"A0A4Q8KC64","Omega-Hexatoxin-Hc1a_2"
"A0A346FPX6","MrIX"
"A0A4Q8KBQ6","U29-Hexatoxin-Hc1c_1"
"A0A4Q8KCQ2","Delta-Hexatoxin-Hc1c_3"
"A0A4Q8KBA5","U14-Hexatoxin-Hc1a_4"
"A0A4Q8K2L4","U14-Hexatoxin-Hc1a_3"
"A0A4Q8KBU5","U28-Hexatoxin-Hc1e_1"
"S0F1N2","Omega/Kappa-hexatoxin-Ar1g_2 insecticidal toxin"
"A0A4Q8KBS5","Omega-Hexatoxin-Hc1a_3"
"A0A4Q8K9M1","U12-Hexatoxin-Hc1a_1"
"A0A2D0PE57","U6-Eretoxin-Ek1w_1"
"A0A2D0PCM3","U6-Eretoxin-Ek1h_1"
"A0A2D0PBH9","U61-Eretoxin-Ek1a_1"
"A0A2D0PCG7","U16-Eretoxin-Ek1p_1"
"A0A4Q8KA29","Omega-Hexatoxin-Hc2c_3"
"A0A2D0PCJ4","U6-Eretoxin-Ek1ae_1"
"A0A4Q8KBA3","Omega-Hexatoxin-Hc1e_1"
"A0A4Q8K5E4","U29-Hexatoxin-Hc1b_1"
"A0A2D0PCK7","U6-Eretoxin-Ek1i_1"
"A0A2D0PCK3","U6-Eretoxin-Ek1c_1"
"A0A4Q8KBS0","Omega-Hexatoxin-Hc2a_3"
"A0A4Q8K995","Omega-Hexatoxin-Hc2b_2"
"A0A4Y2PJP3","Ankyrin-3"
"A0A4Y2WWY3","Ankyrin-3"
"A0A4Y2BCX0","ANK_REP_REGION domain-containing protein"
"A0A4Y2HE70","Arf-GAP with ANK repeat and PH domain-containing protein cnt-2"
"A0A4Y2JLZ5","Ankyrin-3"
"A0A4Y2KB72","ANK_REP_REGION domain-containing protein"
"A0A4Y2CXK9","Oxysterol-binding protein-related protein 1"
"A0A4Y2SED1","Uncharacterized protein"
"A0A4V2H9P3","Omega-Hexatoxin-Hc2c_4"
"A0A4Y2CZP3","Ankyrin-3"
"A0A4Y2DHG8","RBR-type E3 ubiquitin transferase"
"A0A4Y2QJI7","Ankyrin repeat protein RF_0381"
"A0A2D0PDN7","U16-Eretoxin-Ek1j_1"
"A0A2D0PCW9","U6-Eretoxin-Ek1s_1"
"A0A4Y2NN54","Ankyrin repeat domain-containing protein 13D"
"A0A4Y2G755","Ankyrin repeat, PH and SEC7 domain containing protein secG"
"A0A4Y2KBA5","Ankyrin-3"
"A0A4Y2TRB1","ANK_REP_REGION domain-containing protein"
"A0A4Y2LZI9","ANK_REP_REGION domain-containing protein"
"A0A4Y2LY81","B-cell lymphoma 3"
"A0A4Y2MUQ1","Ankyrin-1"
"A0A4Y2STZ1","Ankyrin repeat protein RF_0381"
"A0A4Y2P5D0","Ankyrin repeat protein RF_0381"
"A0A4Y2RMW2","Ankyrin repeat protein MM_0045"
"A0A4Y1ZSA8","Rabankyrin-5"
"A0A4Y2F354","Protein TANC2"
"A0A4Y2JP69","Ankyrin repeat and SOCS box protein 13"
"A0A4Y2LBP4","ANK_REP_REGION domain-containing protein"
"A0A4Y2D1D4","Ankyrin-3"
"A0A4Y2CAA5","Transient receptor potential cation channel subfamily V member 5"
"A0A4Y2ESN4","ANK_REP_REGION domain-containing protein"
"A0A4Y2R5B2","Ankyrin-1"
"A0A4Y2UHY6","Ankyrin repeat protein RF_0381"
"A0A4Y2FMA3","GA-binding protein subunit beta-1"
"A0A4Y2JWS7","ANK_REP_REGION domain-containing protein"
"A0A4Y2PAV4","KN motif and ankyrin repeat domain-containing protein 1"
"A0A4Y2GYB1","Apoptosis-stimulating of p53 protein 2"
"A0A4Y2KFY2","Ankyrin repeat domain-containing protein 50"
"A0A4Y2DD77","ANK_REP_REGION domain-containing protein"
"A0A4Y2JXR1","Ankyrin-3"
"A0A4Y2MV78","Ankyrin repeat domain-containing protein 16"
"A0A4Y2X5U5","ANK_REP_REGION domain-containing protein"
"A0A4Y2KQB4","Apoptosis-stimulating of p53 protein 1"
"A0A4Y2GG16","Uncharacterized protein"
"A0A4Y2EQL3","ANK_REP_REGION domain-containing protein"
"A0A4Y2PBQ0","Ankyrin repeat and BTB/POZ domain-containing protein BTBD11"
"A0A4Y2ARF5","ANK_REP_REGION domain-containing protein"
"A0A4Y2NHG6","Rabankyrin-5"
"A0A4Y2AU50","Ankyrin repeat protein RF_0381"
"A0A4Y2T6Y0","Transient receptor potential-gamma protein"
"A0A4Y2KW13","Ankyrin-1"
"A0A4Y2KVK5","Ankyrin-3"
"A0A4Y2T2I0","Ankyrin-3"
"A0A4Y2NDJ1","Ankyrin repeat domain-containing protein 50"
"A0A4Y2E8D2","Espin"
"A0A4V2H8X7","Omega-Hexatoxin-Hc2d_1"
"A0A4Q8K8P2","U28-Hexatoxin-Hc1d_1"
"A0A4V2H8Y5","U28-Hexatoxin-Hc1b_3"
"A0A4V2H9N6","Omega-Hexatoxin-Hc1b_3"
"A0A4Q8KBW9","Omega-Hexatoxin-Hc1f_1"
"A0A4Q8K9Y5","Omega-Hexatoxin-Hc1c_1"
"A0A4Q8KC10","Omega-Hexatoxin-Hc2e_1"
"A0A4Q8K7H6","Pi-Hexatoxin-Hc1b_1"
"A0A4Q8K897","U28-Hexatoxin-Hc1b_4"
"A0A4Y2E3T2","BCL-6 corepressor"
"A0A4Y2UW60","ANK_REP_REGION domain-containing protein"
"A0A4Y1ZTI5","ANK_REP_REGION domain-containing protein"
"A0A2D0PCS1","U60-Eretoxin-Ek1a_1"
"A0A4Y2L884","RNA helicase"
"A0A4Y2E7P2","Espin-like protein"
"A0A4Y2S4D5","Tyrosine-protein kinase Shark"
"A0A4Y2WMT8","ANK_REP_REGION domain-containing protein"
"A0A4Y2N3Q0","ANK_REP_REGION domain-containing protein"
"A0A4Y2IC60","Integrin-linked protein kinase"
"A0A4Y2JNI7","Ankyrin-3"
"A0A4Y2SYQ2","Ankyrin-1"
"A0A4Y2ET80","ANK_REP_REGION domain-containing protein"
"A0A4Y2UBS4","Uncharacterized protein"
"A0A4Y2U3D6","Ankyrin-1"
"A0A4Y2FGK7","Ankyrin-3"
"A0A4Y2PW54","Ankyrin repeat and protein kinase domain-containing protein 1"
"A0A4Y2EHW4","Short transient receptor potential channel 6"
"A0A4Y2N9A4","Ankyrin repeat domain-containing protein 50"
"A0A4Y2GK70","Ankyrin-1"
"A0A4Y2TWN8","Uncharacterized protein"
"A0A4Y2B988","Uncharacterized protein"
"A0A4Y2B741","Uncharacterized protein"
"A0A2D0PCU7","U6-Eretoxin-Ek1aa_1"
"A0A4Y2PCW2","ANK_REP_REGION domain-containing protein"
"A0A4Y2EUC7","ANK_REP_REGION domain-containing protein"
"A0A4Y2ERP3","ANK_REP_REGION domain-containing protein"
"A0A4Y2F7Y9","Tankyrase-like protein"
"A0A4Y2AW93","Ankyrin repeat and LEM domain-containing protein 2"
"A0A4Y2D3G6","Ankyrin repeat protein FPV245"
"A0A4Y2EQL4","ANK_REP_REGION domain-containing protein"
"A0A4Y2GA46","Transient receptor potential-gamma protein"
"A0A4Y2TV18","Sushi domain-containing protein"
"A0A4V2H8V6","Omega-Hexatoxin-Hc1d_1"
"A0A2D0PBX9","U6-Eretoxin-Ek1n_1"
"A0A4Y2B322","Serine/threonine-protein phosphatase 6 regulatory ankyrin repeat subunit C"
"A0A4Y2RHL4","Usher syndrome type-1G"
"A0A4Y2AJK6","ANK_REP_REGION domain-containing protein"
"A0A4Y2QAT9","Ankyrin repeat protein MM_0045"
"A0A4Y2VIF7","ANK_REP_REGION domain-containing protein"
"A0A4Y2KI06","Ankyrin repeat protein FPV162"
"A0A4Y2VJM0","Ankyrin repeat protein RF_0381"
"A0A4Y2DP44","Protein phosphatase 1 regulatory inhibitor subunit 16B"
"A0A4Y2ARZ8","ANK_REP_REGION domain-containing protein"
"A0A4Y2NYA9","Ankyrin repeat protein RF_0381"
"A0A4Y2JLI4","ANK_REP_REGION domain-containing protein"
"A0A4Y2BY67","26S proteasome non-ATPase regulatory subunit 10"
"A0A4Y2AL11","Protein phosphatase 1 regulatory subunit 12A"
"A0A4Y2JNH6","Ankyrin repeat protein FPV162"
"A0A2D0PBX7","U6-Eretoxin-Ek1e_1"
"A0A2D0PCS7","U40-Eretoxin-Ek1c_1"
"A0A4Y2V0M1","E3 ubiquitin-protein ligase MIB2"
"A0A4Y2QMS3","ANK_REP_REGION domain-containing protein"
"A0A4Y2BA63","SH3 and multiple ankyrin repeat domains protein 1"
"A0A4Y2U446","Kinase D-interacting substrate"
"A0A4Y2WV01","Uncharacterized protein"
"A0A4Y2MHM2","ANK_REP_REGION domain-containing protein"
"A0A4Y2X287","SH3 and multiple ankyrin repeat domains protein 3"
"A0A4Y2IIC9","Ankyrin-3"
"A0A4Y2PNI6","Ankyrin-3"
"A0A4Y2LZY6","Uncharacterized protein"
"A0A2D0PCS4","U6-Eretoxin-Ek1y_1"
"A0A4Y2BVN9","Serine/threonine-protein phosphatase 6 regulatory ankyrin repeat subunit B"
"A0A4Y2PWI1","Papilin"
"A0A4Y2WZB4","Ankyrin-3"
"A0A4Y2W9T6","ANK_REP_REGION domain-containing protein"
"A0A4Y2GR55","Ankyrin repeat, PH and SEC7 domain containing protein secG"
"A0A4Y2DHQ5","Palmitoyltransferase"
"A0A4Y2TEP8","Ankyrin-1"
"A0A4Y2QQY7","Ras-related C3 botulinum toxin substrate 1"
"A0A4Y2VFV5","Ankyrin-2"
"A0A4Y2II60","Ankyrin-3"
"A0A4Y2PUF9","Ankyrin-1"
"A0A4Y2HFB8","Ankyrin-3"
"A0A4Y2SM14","Ras-related C3 botulinum toxin substrate 1"
"A0A4Y2HSG5","Ankyrin-2"
"A0A4Y2JQJ3","ANK_REP_REGION domain-containing protein"
"A0A4Y2FQQ1","RING-type E3 ubiquitin transferase"
"A0A4Y2MS34","Ankyrin-3"
"A0A4Y2KDL5","Ankyrin-1"
"A0A4Y2MMA9","Astacin-like metalloprotease toxin 1"
"A0A4Y2EHF7","Uncharacterized protein"
"A0A4Y2FP51","GA-binding protein subunit beta-1"
"A0A4Y2KCJ9","WAP domain-containing protein"
"A0A4Y2KAW6","Ankyrin-1"
"A0A4Y2QAU7","Ankyrin-2"
"A0A4Y2R4M4","Ankyrin repeat protein FPV162"
"A0A4Y2JJF2","Ankyrin repeat domain-containing protein 13B"
"A0A4Y2URD6","Ankyrin-3"
"A0A4Y2MWT9","ANK_REP_REGION domain-containing protein"
"A0A4Y2ETL8","ANK_REP_REGION domain-containing protein"
"A0A4Y2K1P7","Tonsoku-like protein"
"A0A4Y2A6V7","Ankyrin repeat protein FPV162"
"A0A4Y2CGF4","Uncharacterized protein"
"A0A4Y2JI23","Ankyrin-3"
"A0A4Y2F5C2","ANK_REP_REGION domain-containing protein"
"A0A4Y2B7R1","Uncharacterized protein"
"A0A4Y2TP48","Ankyrin-2"
"A0A4Y2W9Z4","ANK_REP_REGION domain-containing protein"
"A0A2D0PCH9","U6-Eretoxin-Ek1ad_1"
"A0A4Y2C6X1","Ankyrin-1"
"A0A4Y2NI44","Non-specific serine/threonine protein kinase"
"A0A4Y2ULA2","Ankyrin-3"
"A0A4Y2H0B1","Kinase D-interacting substrate B"
"A0A4Y2ATG9","WAP domain-containing protein"
"A0A4Y2M1N7","Ankyrin repeat protein RF_0381"
"A0A4Y2BNK3","Ankyrin repeat domain-containing protein 18A"
"A0A4Y2E240","Ankyrin-3"
"A0A4Y2KSU8","Apoptosis-stimulating of p53 protein 1"
"A0A2D0PBZ9","U6-Eretoxin-Ek1q_1"
"A0A4Y2A6F0","Short transient receptor potential channel 5"
"A0A4Y2H5Y7","Ankyrin-1"
"A0A4Y2LIZ4","Protein phosphatase 1 regulatory inhibitor subunit 16B"
"A0A4Y2AGD3","ANK_REP_REGION domain-containing protein"
"A0A4Y2KH96","Ankyrin repeat domain-containing protein 29"
"A0A4Y2DHP2","Palmitoyltransferase AKR1"
"A0A4Y2AL30","Caseinolytic peptidase B"
"A0A4Y2F8R3","Tankyrase-like protein"
"A0A4Y2BQQ7","Ankyrin-3"
"A0A4Y2UK37","Usher syndrome type-1G protein"
"A0A4Y2AI76","Uncharacterized protein"
"A0A4Y2IJP2","Ankyrin-2"
"A0A4Y2A841","ANK_REP_REGION domain-containing protein"
"A0A4Y2W4S6","Tankyrase-1"
"A0A4Y2KDV9","ANK_REP_REGION domain-containing protein"
"A0A4Y2KD91","Uncharacterized protein"
"A0A4Y2F7Z9","Tankyrase-like protein"
"A0A4Y2BRT3","Ankyrin-2"
"A0A4Y2S7K7","Ankyrin-2"
"A0A4Y2HFE0","Ankyrin-3"
"A0A4Y2N2B8","Ankyrin repeat domain-containing protein 50"
"A0A4Y2PSV1","ANK_REP_REGION domain-containing protein"
"A0A4Y2NVU9","Ankyrin repeat protein RF_0381"
"A0A4Y2EQQ3","Transient-receptor-potential-like protein"
"A0A4Y2MKS8","Rabankyrin-5"
"A0A4Y2UMX7","Ankyrin repeat and protein kinase domain-containing protein 1"
"A0A4Y2MEV3","Uncharacterized protein"
"A0A4Y2JMY5","ANK_REP_REGION domain-containing protein"
"A0A4Y2ID51","Calmodulin-binding transcription activator 1"
"A0A4Y2EZ87","Histone-lysine N-methyltransferase EHMT1"
"A0A4Y2SQQ6","ANK_REP_REGION domain-containing protein"
"A0A4Q8KAQ9","Omega-Hexatoxin-Hf1g_2"
"A0A4Q8K4P7","Omega-Hexatoxin-Hf1b_5"
"A0A4Q8K0Y8","Delta-Hexatoxin-Hf1d_1"
"A0A4Q8K3N4","U25-Hexatoxin-Hf1b_1"
"A0A4Q8K8A1","Omega-Hexatoxin-Hf1o_1"
"A0A059T2H6","CpTx-3d toxin"
"A0A4Q8K8N4","Omega-Hexatoxin-Hf1p_1"
"A0A4Q8KBK5","Delta-Hexatoxin-Hf1i_1"
"A0A023WAK6","HW11c125 toxin"
"A0A059T2B5","CpTx-1f toxin"
"W5U062","CpTx-3g toxin"
"A0A059T2E2","CpTx-3b toxin"
"A0A023WBV0","HW11c115 toxin"
"A0A023WBS8","HW11c5 toxin"
"A0A023WAD8","HW11c75 toxin"
"A0A023WAC6","HW11c10 toxin"
"B3FIQ4","HWTX-XVIa10"
"A0A023WB37","HW11c39 toxin"
"A0A023WBI1","HW11c46 toxin"
"B3FIR5","HWTX-Ia8"
"A0A023WBJ1","HW11c107 toxin"
"L7XCU0","Alpha-latrotoxin"
"W5U022","CpTx-1c toxin"
"A0A089G0Q5","Latrotoxin-like protein"
"A0A4Q8K1A9","U19-Hexatoxin-Hf1a_2"
"A0A059T2G9","CpTx-3c toxin"
"L7XGA6","Alpha-latrotoxin"
"A0A4Q8KAA6","Omega-Hexatoxin-Hf1m_1"
"A0A059T2G7","CpTx-1h toxin"
"A0A4Q8K7Q8","Omega-Hexatoxin-Hf1b_10"
"D0URG2","Protein kinase"
"A0A059T2C3","CpTx-1e toxin"
"A0A4Q8K318","Omega-Hexatoxin-Hf1h_1"
"A0A4Q8KAH7","Omega-Hexatoxin-Hf2c_1"
"A0A4Q8K0V2","Omega-Hexatoxin-Hf1b_1"
"A0A059T2C5","CpTx-3e toxin"
"A0A4V2H9P0","Omega-Hexatoxin-Hf1m_2"
"B2ZBB3","HW18gS3 toxin-like"
"A0A059T2C0","CpTx-3f toxin"
"A0A4Q8K835","U27-Hexatoxin-Hf1a_1"
"A0A4Q8K7W0","U25-Hexatoxin-Hf1a_2"
"A0A4Q8K7K8","Omega-Hexatoxin-Hf1k_1"
"A0A4Q8K9H4","Omega-Hexatoxin-Hf1b_13"
"A0A4Q8K5R5","U25-Hexatoxin-Hf1a_1"
"A0A4Q8KAI5","Omega-Hexatoxin-Hf1s_1"
"A0A4Q8KB71","Omega-Hexatoxin-Hf1t_1"
"A0A4Q8K8T9","U19-Hexatoxin-Hf1a_8"
"A0A4Q8K6Z3","U19-Hexatoxin-Hf1d_1"
"A0A4Q8K5T9","U19-Hexatoxin-Hf1a_5"
"A0A4V2H8U7","Omega-Hexatoxin-Hf1d_1"
"A0A4Q8KCM3","Omega-Hexatoxin-Hc2c_1"
"A0A482Z9G0","Kappa-Theraphotoxin-Ct1a_1"
"A0A482ZHU9","Mu-Theraphotoxin-Ct1a_1"
"A0A482ZI56","U10-Theraphotoxin-Ct1a_1"
"A0A4Q8K0R5","U14-Hexatoxin-Hc1a_1"
"A0A482Z7M1","U32-Theraphotoxin-Ct1f_1"
"A0A482Z6A0","Omega-Theraphotoxin-Ct1f_1"
"A0A482ZGW0","U32-Theraphotoxin-Ct1b_2"
"A0A482ZA86","U32-Theraphotoxin-Ct1i_1"
"A0A482ZD06","Delta-Theraphotoxin-Ct1a_1"
"A0A2L2YG86","Integrin-linked protein kinase"
"A0A4Q8K621","Omega-Hexatoxin-Hc1b_2"
"A0A4Q8KBN7","Kappa-Hexatoxin-Hc1a_1"
"A0A4Q8KBB3","Omega-Hexatoxin-Hc2b_1"
"A0A482Z7R5","Kappa-Theraphotoxin-Ct4b_1"
"A0A4Q8K2P9","Omega-Hexatoxin-Hc2a_1"
"A0A4Q8K9A4","Delta-Hexatoxin-Hf1f_1"
"A0A4Q8K537","Omega-Hexatoxin-Hc2c_2"
"A0A482ZCM2","U13-Theraphotoxin-Ct1a_1"
"A0A4Q8K1W5","Delta-Hexatoxin-Hc1c_2"
"A0A4Q8K7D3","Omega-Hexatoxin-Hf1g_1"
"A0A4V2H996","Omega-Hexatoxin-Hf1b_9"
"A0A4Q8KAF5","U28-Hexatoxin-Hc1b_2"
"A0A4Q8K2H9","Omega-Hexatoxin-Hf1f_1"
"A0A4Q8K7R3","U14-Hexatoxin-Hc1a_2"
"A0A4Q8K7L3","U19-Hexatoxin-Hf1a_6"
"A0A482ZIS1","U10-Theriditoxin-Lha1a_1"
"A0A4Y2MWX3","ANK_REP_REGION domain-containing protein"
"A0A4Y2MXS5","ANK_REP_REGION domain-containing protein"
"A0A2L2YMZ0","Alpha-latrocrustotoxin-Lt1a"
"A0A2L2YLE3","Putative ankyrin repeat protein"
"D5J6X5","Putative mature peptide toxin-like LFEC"
"A0A2D0PCV8","U16-Eretoxin-Ek1v_1"
"A0A2D0PBR5","U16-Eretoxin-Ek1h_1"
"A0A2D0PC05","U40-Eretoxin-Ek1a_1"
"A0A4Y2NA79","Protein fem-1 B"
"A0A4Y2RNA4","85/ calcium-independent phospholipase A2"
"A0A4Y2N7C0","ANK_REP_REGION domain-containing protein"
"A0A2L2YJP3","Neurogenic locus notch-like protein 2"
"A0A2L2YFP9","Ankyrin repeat family A protein 2"
"A0A2L2Y1W7","Delta-latroinsectotoxin-Lt1a"
"A0A2L2Y8Y6","Inversin"
"A0A2L2YJJ4","Ankyrin repeat domain-containing protein 29"
"A0A2L2YGE0","Protein phosphatase 1 regulatory subunit 16A"
"A0A2L2YHK4","Ankyrin"
"A0A2L2Y939","ANK_REP_REGION domain-containing protein"
"A0A2L2Y6C4","Tyrosine-protein kinase"
"A0A2D0PC58","U16-Eretoxin-Ek1l_1"
"A0A2L2Y9T7","GF19976"
"A0A2D0PCF3","U6-Eretoxin-Ek1f_1"
"A0A2L2Y8R7","Uncharacterized protein"
"A0A2D0PBH1","U16-Eretoxin-Ek1c_1"
"A0A2D0PCF2","U61-Eretoxin-Ek1b_1"
"A0A2L2YBM7","Ankyrin repeat and sterile alpha motif domain-containing protein 1B"
"A0A4Y2PCI2","ANK_REP_REGION domain-containing protein"
"A0A4Y2SJS1","Ras-related C3 botulinum toxin substrate 1"
"A0A1D0BZZ2","U15-hexatoxin-Hi1a_1"
"A0A4Y2PB36","Uncharacterized protein"
"A0A2L2YNK3","Delta-latroinsectotoxin-Lt1a"
"A0A2L2YTQ9","GF19976"
"A0A2L2YG89","Notch-regulated ankyrin repeat-containing protein"
"A0A482Z7H6","U15-Theraphotoxin-Ct1a_1"
"A0A4Y2NTH2","Ankyrin repeat and LEM domain-containing protein 1"
"A0A4Y2KW39","ANK_REP_REGION domain-containing protein"
"A0A4Y5UH79","Toxin 9 isoform c S1"
"A0A1D0BR98","U19-hexatoxin_Hi1a_1"
"A0A4Y2SYR6","Ankyrin-3"
"A0A4Y2N065","85/ calcium-independent phospholipase A2"
"A0A4Y2LPC3","Osteoclast-stimulating factor 1"
"A0A4Y2SG23","Tankyrase"
"A0A1D0BND6","Omega-hexatoxin-Hi1a_6"
"A0A1D0BPK9","Delta-hexatoxin-Hi1a_11"
"A0A2L2XV05","Uncharacterized protein"
"A0A2L2YD60","Putative oxysterol-binding protein-related protein 1 isoform x3"
"A0A2L2YHR8","Ankyrin repeat protein, putative"
"A0A2L2YT93","ANK_REP_REGION domain-containing protein"
"A0A2L2YL55","Defensin"
"A0A2L2YP81","Astacin-like metalloprotease toxin"
"A0A2L2Y9A0","GF19976"
"A0A2L2YLJ6","Ankyrin repeat and FYVE domain-containing protein 1"
"A0A2L2YLV6","Ankyrin-2"
"A0A087SYC0","Ankyrin repeat and SOCS box protein 13"
"A0A087T2J9","Tonsoku-like protein"
"A0A087UJQ5","Myotrophin"
"A0A087SXN5","ANK_REP_REGION domain-containing protein"
"A0A087UU06","Protein fem-1-like protein"
"A0A087UYL3","BCL-6 corepressor"
"A0A087UQM0","SH3 and multiple ankyrin repeat domains protein 3"
"A0A087V0H1","M-phase phosphoprotein 8"
"A0A087USP9","Tankyrase-1"
"A0A087UQL9","ANK_REP_REGION domain-containing protein"
"A0A087SWC6","Ankyrin-2"
"A0A087UXJ0","ANK_REP_REGION domain-containing protein"
"A0A087TAX5","Ankyrin-2"
"A0A087TQZ3","Espin"
"A0A087UH81","Ankyrin-3"
"A0A2D0PDA6","U6-Eretoxin-Ek1k_1"
"A0A2D0PC48","U16-Eretoxin-Ek1b_1"
"A0A2D0PCR6","U16-Eretoxin-Ek1d_1"
"A0A2L2Y6E6","BCL-6 corepressor"
"A0A087U0W9","Inversin"
"A0A087URF9","Transient receptor hypothetical-gamma protein"
"A0A087T9H2","Ankyrin repeat and sterile alpha motif domain-containing protein 1B"
"A0A087UE51","Putative ankyrin repeat protein"
"A0A087UCF2","Putative ankyrin repeat protein"
"A0A087TVC8","Ankyrin repeat and BTB/POZ domain-containing protein 1"
"A0A087UWU2","Ankyrin repeat and SAM domain-containing protein 1A"
"A0A087UJV3","Serine/threonine-protein phosphatase 6 regulatory ankyrin repeat subunit A"
"A0A087TBW8","U8-agatoxin-Ao1a"
"A0A087U2G9","ANK_REP_REGION domain-containing protein"
"A0A087ULJ8","Ankyrin repeat and BTB/POZ domain-containing protein BTBD11"
"A0A087T6V3","Ankyrin repeat domain-containing protein 49"
"A0A087TLR2","Putative ankyrin repeat protein"
"A0A087U4I0","Serine/threonine-protein phosphatase 6 regulatory ankyrin repeat subunit B"
"A0A087UN37","Transient receptor hypothetical-gamma protein"
"A0A087UP38","Kinase D-interacting substrate"
"A0A087U947","Histone-lysine N-methyltransferase EHMT1"
"A0A087T3D5","Asparaginase"
"A0A087TLV9","Palmitoyltransferase ZDHHC17"
"A0A087UUU1","Poly [ADP-ribose] polymerase"
"A0A087TKK3","Ankyrin repeat domain-containing protein 54"
"A0A087SUY7","Ankyrin repeat domain-containing protein 17"
"A0A087UBG4","U20-lycotoxin-Ls1d"
"A0A087UKQ9","Death-associated protein kinase 1"
"A0A087UZL8","26S proteasome non-ATPase regulatory subunit 10"
"A0A087TCL2","Ankyrin repeat, PH and SEC7 domain containing protein secG"
"A0A087U8D0","2-(3-amino-3-carboxypropyl)histidine synthase subunit 2, Diphthamide biosynthesis protein 2, Diphtheria toxin resistance protein 2"
"A0A087T0I8","Serine/threonine-protein phosphatase 6 regulatory ankyrin repeat subunit C"
"A0A087T0Q9","Centaurin-gamma-1A"
"A0A087T873","ANK_REP_REGION domain-containing protein"
"A0A087U3L4","Tyrosine-protein kinase"
"A0A087T6N9","Ankyrin-3"
"A0A087T6T7","Caseinolytic peptidase B protein-like protein"
"A0A087SVP4","WAP domain-containing protein"
"A0A087TD82","Uncharacterized protein"
"A0A087T9M4","Death-associated protein kinase 1"
"A0A087TKJ8","Ankyrin repeat domain-containing protein 39"
"A0A087UPB8","Phosphoinositide 3-kinase adapter protein 1"
"A0A087UYC3","Ankyrin repeat family A protein 2"
"A0A087UWU1","Ankyrin repeat and sterile alpha motif domain-containing protein 1B"
"A0A087TDC1","Ankyrin repeat domain-containing protein 10"
"A0A087USP8","Inversin-B"
"A0A087TDI0","Caskin-1"
"A0A087UNW8","Uncharacterized protein"
"A0A087UTS3","Ankyrin repeat and SAM domain-containing protein 3"
"A0A087TW04","Ankyrin repeat, SAM and basic leucine zipper domain-containing protein 1"
"A0A087TIR9","Histone-lysine N-methyltransferase EHMT2"
"A0A087SWD0","Protein phosphatase 1 regulatory inhibitor subunit 16B"
"A0A087U2G8","Nuclear factor NF-kappa-B p100 subunit"
"A0A087TC16","Putative ankyrin repeat protein"
"A0A087UQM1","ANK_REP_REGION domain-containing protein"
"A0A087UQ59","Ankyrin repeat domain-containing protein 6"
"A0A087SZP7","Ankyrin repeat and MYND domain-containing protein 2"
"A0A087USP6","Espin"
"A0A087UI47","Ras-related C3 botulinum toxin substrate 1"
"A0A087U965","Transient-receptor-hypothetical-like protein"
"A0A087UV11","SOCS box domain-containing protein"
"A0A087T7F2","Defensin"
"A0A087TZ14","Non-specific serine/threonine protein kinase"
"A0A087UHL6","Ankyrin repeat and LEM domain-containing protein 2"
"A0A087U1Q8","Tankyrase-1"
"A0A087TXP1","Serine/threonine-protein phosphatase 6 regulatory ankyrin repeat subunit B"
"A0A087UY64","ANK_REP_REGION domain-containing protein"
"A0A087TQZ2","ANK_REP_REGION domain-containing protein"
"A0A087TMT4","Apoptosis-stimulating of p53 protein 1"
"A0A087TRG1","GA-binding protein subunit beta-1"
"A0A087TK17","Kunitz/BPTI-like toxin"
"A0A087UXW7","Potassium channel AKT3"
"A0A087U186","Ankyrin-3"
"A0A087U7Z4","Diacylglycerol kinase zeta"
"A0A087TGH4","26S proteasome non-ATPase regulatory subunit 10"
"A0A087T610","Protein TANC2"
"A0A087TPR9","Arf-GAP with SH3 domain, ANK repeat and PH domain-containing protein 1"
"A0A087U6U0","Ankyrin-2"
"A0A087TZK4","WAP domain-containing protein"
"A0A087SWC7","Transient receptor hypothetical cation channel subfamily A member 1-like protein"
"A0A087TDI4","Astacin-like metalloprotease toxin"
"A0A087SZJ9","Uncharacterized protein"
"A0A087T8R0","Protein fem-1-like protein"
"A0A087UWZ0","Ankyrin repeat-containing protein"
"A0A087U187","Ankyrin-3"
"A0A087UXB3","Transient receptor hypothetical-gamma protein"
"A0A087UWB8","Transient-receptor-hypothetical-like protein"
"A0A087UZ81","Ankyrin repeat and LEM domain-containing protein 1"
"A0A087TA22","Synphilin-1"
"A0A087T9K6","Uncharacterized protein"
"A0A087SUY8","Ankyrin repeat and SAM domain-containing protein 6"
"A0A087UDP5","Apoptosis-stimulating of p53 protein 1"
"A0A087UBW7","NF-kappa-B inhibitor cactus"
"A0A087TCG3","Ankyrin repeat domain-containing protein 35"
"A0A087SVZ3","Non-specific serine/threonine protein kinase"
"A0A087TN90","Usher syndrome type-1G protein"
"A0A087URS3","Putative ATP-dependent RNA helicase YTHDC2"
"A0A087TM11","Glutaminase"
"A0A087SV04","Ankyrin repeat domain-containing protein 29"
"A0A087U8J5","Usher syndrome type-1G protein-like protein"
"A0A087UXC0","Transient receptor hypothetical-gamma protein"
"A0A087TGE8","Defensin"
"A0A087T9E5","Ras-related C3 botulinum toxin substrate 1"
"A0A087T2H4","RING-type E3 ubiquitin transferase"
"A0A087UIM1","Protein phosphatase 1 regulatory subunit 16A"
"A0A087TYU3","Osteoclast-stimulating factor 1"
"A0A087TJY7","Inhibitor of Bruton tyrosine kinase"
"A0A087UI60","Ankyrin repeat and KH domain-containing protein 1"
"A0A087TL72","RING-type E3 ubiquitin transferase"
"A0A087T7I2","Putative ankyrin repeat protein"
"A0A087TTS4","Nuclear factor NF-kappa-B p105 subunit"
"A0A087V0E1","ANK_REP_REGION domain-containing protein"
"A0A4Q8KAE0","Omega-Hexatoxin-Hf2b_1"
"A0A4Q8K7P4","Omega-Hexatoxin-Hf1d_3"
"A0A4V2H9B1","Omega-Hexatoxin-Hf1i_1"
"A0A4Q8K9T6","Omega-Hexatoxin-Hf1q_1"
"A0A4Q8K7Y5","Omega-Hexatoxin-Hf1b_11"
"A0A4Q8K1B6","Delta-Hexatoxin-Hf1e_1"
"A0A059T2C4","CpTx-2b toxin"
"A0A4V2H9B5","Omega-Hexatoxin-Hf1j_1"
"A0A059T2E0","CpTx-1g toxin"
"A0A4Q8KAC9","Omega-Hexatoxin-Hf1d_2"
"A0A059T2H2","CpTx-1d toxin"
"A0A4Q8K598","U19-Hexatoxin-Hf1a_4"
"A0A4Q8KBA2","Delta-Hexatoxin-Hf1j_1"
"A0A4Q8KAG8","Omega-Hexatoxin-Hf1r_1"
"A0A4Q8KBP3","U2-Hexatoxin-Hf1a_1"
"A0A4Q8K875","Omega-Hexatoxin-Hf1n_1"
"A0A4Q8K0U9","Omega-Hexatoxin-Hf1c_1"
"A0A4Q8K7L5","Omega-Hexatoxin-Hf1m_3"
"A0A1U9X3C5","Phospholipase D"
"A0A088BPR2","Secretory peptide"
"A0A088BP76","Secretory peptide"
"A0A088BPM4","Secretory peptide"
"A0A088BPM8","Secretory peptide"
"A0A088BP80","Secretory peptide"
"A0A088BPJ5","Secretory peptide"
"A0A088BP56","Secretory peptide"
"A0A088BPQ9","Secretory peptide"
"A0A088BP51","Secretory peptide"
"A0A088BP53","Secretory peptide"
"A0A088BPR3","Secretory peptide"
"A0A088BPC6","Secretory peptide"
"A0A088BPH0","Secretory peptide"
"S0F1N5","Omega/Kappa-hexatoxin-Hv1g_7 insecticidal toxin"
"A0A088BPN3","Secretory peptide"
"A0A088BPU4","Secretory peptide"
"A0A088BPB6","Secretory peptide"
"A0A088BPB2","Secretory peptide"
"A0A088BPH7","Secretory peptide"
"S0F214","Omega/Kappa-hexatoxin-Hv1g_5 insecticidal toxin"
"A0A088BPM6","Secretory peptide"
"A0A088BP97","Secretory peptide"
"A0A088BPQ5","Secretory peptide"
"A0A088BPH1","Secretory peptide"
"A0A088BPP9","Secretory peptide"
"A0A088BP96","Secretory peptide"
"A0A088BP50","Secretory peptide"
"A0A088BP54","Secretory peptide"
"A0A088BPS3","Secretory peptide"
"S0F208","Omega/Kappa-hexatoxin-Hv1g_6 insecticidal toxin"
"A0A088BPS4","Secretory peptide"
"A0A4Q8K4C3","Omega-Hexatoxin-Hf1e_1"
"A0A088BPM5","Secretory peptide"
"A0A4Q8K5I9","Omega-Hexatoxin-Hf1b_7"
"A0A088BP66","Secretory peptide"
"A0A4Q8K867","Omega-Hexatoxin-Hf1b_8"
"A0A4Q8K4K9","Delta-Hexatoxin-Hf1b_2"
"A0A4Q8K4D8","U6-Hexatoxin-Hf1a_1"
"A0A4Q8K3R5","Delta-Hexatoxin-Hf1a_2"
"A0A482Z7M5","Omega-Theraphotoxin-Ct1c_1"
"A0A4Q8K3K5","Delta-Hexatoxin-Hf1b_1"
"A0A482ZHZ2","Omega-Theraphotoxin-Ct1a_1"
"A0A4Q8K4Q6","U19-Hexatoxin-Hf1a_3"
"B3FIR1","HWTX-Ia4"
"A0A482Z7F5","Omega-Theraphotoxin-Ct1b_1"
"A0A4Q8KA54","Omega-Hexatoxin-Hc1a_1"
"A0A4Q8K7K5","Omega-Hexatoxin-Hf1l_1"
"A0A4Q8KAW6","Delta-Hexatoxin-Hc1c_1"
"A0A4Q8K4H8","Delta-Hexatoxin-Hf1a_1"
"A0A4Q8K871","Omega-Hexatoxin-Hc1b_1"
"A0A4Q8K3Y3","Omega-Hexatoxin-Hf1b_6"
"A0A4Q8KB31","U19-Hexatoxin-Hf1a_7"
"A0A4Q8K8Z1","Omega-Hexatoxin-Hf1b_12"
"A0A4Q8K7G7","U6-Hexatoxin-Hf1a_2"
"A0A4Q8K3R9","Omega-Hexatoxin-Hf1b_3"
"A0A482ZBW5","U32-Theraphotoxin-Ct1a_1"
"A0A4Q8K4P2","U28-Hexatoxin-Hc1b_1"
"A0A4Q8KBB2","Delta-Hexatoxin-Hf1h_1"
"A0A4Q8KC72","Omega-Hexatoxin-Hc2a_2"
"A0A4Q8K8W3","Omega-Hexatoxin-Hf1b_2"
"A0A4Q8K8B6","U19-Hexatoxin-Hf1a_1"
"A0A4Q8K8G5","Omega-Hexatoxin-Hf1b_4"
"A0A4Q8K6G9","Omega-Hexatoxin-Hf2a_2"
"A0A4Q8KAW4","Delta-Hexatoxin-Hf1c_1"
"A0A4Q8K7U0","Omega-Hexatoxin-Hf2a_1"
"A0A1D0C021","U2-hexatoxin-Hi1a_2"
"A0A1D0C0Y4","Omega-hexatoxin-Hi1a_9"
"A0A1D0BNC2","Omega-hexatoxin-Hi2g_2"
"S0F1N4","Omega-hexatoxin-Hi1g_1 insecticidal toxin"
"A0A1D0BZI7","U15-hexatoxin-Hi1a_6"
"A0A1D0BZZ8","U19-hexatoxin_Hi1a_5"
"A0A1D0BN54","Omega-hexatoxin-Hi2a_2"
"A0A1D0C045","Omega-hexatoxin-Hi1g_5"
"A0A1D0C059","Omega-hexatoxin-Hi1h_5"
"A0A1D0C0X6","Omega-hexatoxin-Hi1g_6"
"A0A1D0BPP7","U6-hexatoxin-Hi1b"
"A0A1D0BR69","Omega-hexatoxin-Hi2e_1"
"A0A1D0BNA3","U6-hexatoxin-Hi1a_1"
"S0F1M8","Omega-hexatoxin-Hi1g_2 insecticidal toxin"
"A0A1D0BPM2","Omega-hexatoxin-Hi2f_1"
"A0A1D0C034","Omega-hexatoxin-Hi1i_1"
"A0A1D0BPR0","Omega-hexatoxin-Hi1a_8"
"A0A1D0BZY4","Omega-hexatoxin-Hi1b_11"
"A0A1D0C005","Omega-hexatoxin-Hi2g_1"
"Q5Y4X8","Toxin-like structure Agel_07"
"A0A482Z9E9","U5-Theraphotoxin-Ct1d_1"
"A0A482ZGR8","U14-Theraphotoxin-Ct1a_1"
"A0A482ZA53","Omega-Theraphotoxin-Ct1l_1"
"A0A482Z7G6","Omega-Theraphotoxin-Ct1i_1"
"A0A482Z7K0","U32-Theraphotoxin-Ct1a_2"
"A0A482ZHS6","Omega-Theraphotoxin-Ct1a_3"
"A0A482ZCR5","U12-Theraphotoxin-Ct1a_1"
"A0A482Z9S8","Kappa-Theraphotoxin-Ct4a_1"
"A0A482ZCZ9","U21-Theraphotoxin-Ct1b_1"
"A0A482ZGN8","U24-Theraphotoxin-Ct1c_1"
"A0A482Z9Q4","Omega-Theraphotoxin-Ct1o_1"
"A0A482ZCG3","U21-Theraphotoxin-Ct1c_1"
"A0A482ZCT4","Mu-Theraphotoxin-Ct1a_2"
"A0A482ZA78","Omega-Theraphotoxin-Ct1n_1"
"A0A482ZDA1","Omega-Theraphotoxin-Ct1m_1"
"A0A482ZBG7","U24-Theraphotoxin-Ct1a_1"
"A0A482ZA31","U17-Theraphotoxin-Ct1a_1"
"A0A482ZBD7","Omega-Theraphotoxin-Ct1d_1"
"A0A482Z7L6","Omega-Theraphotoxin-Ct1a_7"
"A0A482Z612","U21-Theraphotoxin-Ct1a_1"
"A0A482ZDM1","U21-Theraphotoxin-Ct1d_1"
"A0A482ZD59","Omega-Theraphotoxin-Ct1j_1"
"A0A482Z9M3","Omega-Theraphotoxin-Ct1a_6"
"A0A482Z648","Omega-Theraphotoxin-Ct1e_1"
"A0A482ZBN8","U32-Theraphotoxin-Ct1c_1"
"A0A482ZCN6","Omega-Theraphotoxin-Ct1a_5"
"A0A482Z641","U4-Theraphotoxin-Ct1b_1"
"A0A482ZGP8","U13-Theraphotoxin-Ct1c_1"
"A0A482ZCG8","Tau-Theraphotoxin-Ct1a_2"
"A0A482ZHQ5","U5-Theraphotoxin-Ct1b_1"
"A0A482Z9K1","Omega-Theraphotoxin-Ct1k_1"
"A0A482Z9U6","U32-Theraphotoxin-Ct1b_1"
"A0A482Z9X5","U5-Theraphotoxin-Ct1c_1"
"A0A482ZCZ3","Tau-Theraphotoxin-Ct1a_1"
"A0A482ZHX9","Omega-Theraphotoxin-Ct1a_4"
"A0A482Z9S1","U13-Theraphotoxin-Ct1b_1"
"A0A482ZCD4","Omega-Theraphotoxin-Ct1a_2"
"A0A482Z9Y2","U32-Theraphotoxin-Ct1e_1"
"A0A482Z9P8","U5-Theraphotoxin-Ct1a_1"
"A0A2L2Y9E3","Inversin"
"A0A2L2YE43","ANK_REP_REGION domain-containing protein"
"A0A482ZE78","U10-Theriditoxin-Lha1c_2"
"D5J6X7","Putative mature sequence toxin-like RFEC"
"A0A2L2YUK5","ANK_REP_REGION domain-containing protein"
"A0A2L2YID5","Ankyrin-3"
"A0A2L2YSD4","Ankyrin-2"
"A0A2L2YAE7","Inhibitor of Bruton tyrosine kinase"
"A0A2L2Z3B1","Tankyrase-1"
"A0A2L2YQ78","Palmitoyltransferase"
"A0A2L2YRU6","Delta-latroinsectotoxin-Lt1a"
"A0A2L2Y1U6","Apoptosis-stimulating of p53 protein 1"
"A0A2L2YTQ8","Ankyrin repeat protein, putative"
"A0A2L2Y6Y9","Uncharacterized protein"
"A0A482ZB21","U10-Theriditoxin-Lha1b_1"
"A0A2L2Y0D0","Ankyrin repeat and KH domain-containing protein 1"
"A0A2L2YMH1","Ankyrin repeat domain-containing protein 50"
"A0A2L2YUJ1","Phosphoinositide 3-kinase adapter protein 1"
"A0A2L2Z7I4","Delta-latroinsectotoxin-Lt1a"
"A0A1V0FX07","U3-theritoxin-Lm2"
"A0A2L2Y8B0","Ankyrin repeat, SAM and basic leucine zipper domain-containing protein 1, Germ cell-specific ankyrin, SAM and basic leucine zipper domain-containing protein"
"A0A2L2Z2Z9","ANK_REP_REGION domain-containing protein"
"A0A2L2YNI3","Papilin"
"A0A2L2Y6W0","Ankyrin motif protein"
"A0A2L2YT74","Putative death-associated protein kinase 1"
"D5J6Y1","Putative toxin"
"A0A2L2YIL7","KN motif and ankyrin repeat domain-containing protein 1"
"A0A2L2Y768","Putative arfgap with sh3 domain ankyrin repeat and ph domain 1"
"A0A2L2XXI9","Cystine knot toxin"
"D5J6Y2","Putative toxin"
"A0A2L2Y992","GF19976"
"A0A2L2YGS4","GF19976"
"A0A2L2Z2B3","AAEL014742-PA"
"A0A2L2Z9E9","Putative ATP-dependent RNA helicase YTHDC2"
"A0A2L2Y6Y2","Uncharacterized protein"
"A0A2L2YWQ9","Ankyrin repeat and KH domain-containing protein 1"
"A0A2L2YPW7","Protein phosphatase 1 regulatory inhibitor subunit 16B"
"A0A2L2YWP2","Tankyrase-1"
"A0A2L2YKQ9","Ankyrin repeat domain-containing protein 50"
"A0A2L2YW57","Caskin-2"
"A0A2L2Z3L5","Engineered Protein OR265"
"A0A2L2YK18","Ankyrin repeat domain-containing protein 35"
"A0A2L2YH48","Putative ankyrin repeat protein"
"A0A2L2Y0E1","Ankyrin repeat and KH domain-containing protein 1"
"A0A2L2YFW9","GA-binding protein subunit beta-1"
"A0A2L2Z346","Ankyrin(GAG)1D4"
"A0A2L2YNF2","Papilin"
"A0A2L2YUW2","Ankyrin repeat protein, putative"
"A0A2L2ZC39","Alpha-latrocrustotoxin-Lt1a"
"A0A2L2YA11","NF-kappa-B inhibitor cactus"
"A0A2L2Z4R1","Putative TRP Channel"
"A0A2L2YMW3","Ankyrin-2"
"A0A2L2Z4M6","Cystine knot toxin"
"A0A2L2YI15","ANK_REP_REGION domain-containing protein"
"A0A2L2Z029","Ankyrin repeat and sterile alpha motif domain-containing protein 1B-like isoform X2"
"A0A2L2Y6W8","GF19976"
"A0A2L2YRK8","Usher syndrome type-1G protein-like protein"
"A0A2L2Y1X9","Apoptosis-stimulating of p53 protein 1"
"A0A2L2YQQ2","Ankyrin repeat-containing protein"
"A0A482Z8G1","U10-Theriditoxin-Lha1d_1"
"A0A2L2Z267","Delta-latroinsectotoxin-Lt1a"
"A0A2L2YZ84","ANK_REP_REGION domain-containing protein"
"A0A2L2Z3K8","Delta-latroinsectotoxin-Lt1a"
"A0A2L2Z837","Cystine knot toxin"
"A0A2L2YFX5","Cystine knot toxin"
"A0A2L2YQX4","Receptor-interacting serine/threonine-protein kinase 4-like, partial"
"A0A2L2YST8","Uncharacterized protein"
"A0A2L2Y6U3","Ankyrin motif protein"
"A0A2L2YLB6","Ankyrin repeat protein, putative"
"A0A2L2Z930","Astacin-like metalloprotease toxin"
"A0A2L2YY36","Alpha-latroinsectotoxin-Lt1a"
"A0A2L2YH98","Ankyrin repeat domain-containing protein SOWAHC"
"A0A2L2YLU8","Ankyrin-2"
"A0A2L2YTY8","Ankyrin repeat protein, putative"
"A0A2L2YU31","AAEL017480-PA"
"A0A2L2YCY7","Ankyrin-1"
"A0A2L2Y0F4","Ankyrin repeat and KH domain-containing protein 1"
"A0A2L2Z5P3","Tankyrase isoform X1"
"A0A2L2YFV7","Ankyrin-3"
"A0A2L2YYN1","Oncorhynchus mykiss genomic scaffold, scaffold_18231"
"A0A4Y5UGJ7","Toxin 10 isoform b"
"A0A2L2Z7A0","Cystine knot toxin"
"A0A2L2YIL4","U8-agatoxin-Ao1a"
"A0A2L2Y6U7","GF19976"
"A0A2L2YJ72","Ankyrin repeat domain-containing protein SOWAHC"
"A0A2L2Y454","ANK_REP_REGION domain-containing protein"
"A0A2L2YX76","Serine/threonine-protein phosphatase 6 regulatory ankyrin repeat subunit C-like, partial"
"A0A2L2YN12","Ankyrin repeat protein, putative"
"A0A2L2YWB1","Knot1 domain-containing protein"
"A0A2L2YUX6","Serine/threonine-protein phosphatase 6 regulatory ankyrin repeat subunit B-like"
"A0A2L2Y695","BCL-6 corepressor"
"A0A2L2YPX2","E3 ubiquitin-protein ligase MIB1"
"A0A2L2YBB4","26S proteasome non-ATPase regulatory subunit 10"
"A0A2L2YAH0","NF-kappa-B inhibitor cactus"
"A0A2L2YQY6","Alpha-latrocrustotoxin-Lt1a"
"A0A2L2YYE6","Serine/threonine-protein phosphatase 6 regulatory ankyrin repeat subunit B-like"
"A0A2L2Y724","ANK_REP_REGION domain-containing protein"
"A0A0F7VHL6","Csa-Trp2"
"A0A2L2YII6","ANK_REP_REGION domain-containing protein"
"D5J6X0","Putative mature peptide toxin-like CIGES"
"A0A2L2Y0C3","Ankyrin repeat and KH domain-containing protein 1"
"A0ZVQ8","Notch"
"A0A2L2YZ56","Ankyrin repeat-containing protein"
"A0A4Y5UGH7","Toxin 13 isoform a"
"A0A2L2YSI9","E3 ubiquitin-protein ligase MIB2"
"A0A2L2Z568","Delta-latroinsectotoxin-Lt1a"
"A0A2L2YM83","Notch"
"A0A2L2YH18","Ankyrin repeat domain-containing protein SOWAHC"
"A0A2L2YTK7","AAEL014742-PA"
"A0A4Y5UGK3","Toxin 23 isoform b"
"A0A4Y5UGL0","Toxin 28 isoform b"
"A0A4Y2MSG4","Uncharacterized protein"
"A0A2D0PCU0","U16-Eretoxin-Ek1x_1"
"A0A4Y2GY27","Ankyrin repeat and SOCS box protein 3"
"A0A4Y1ZTR1","ANK_REP_REGION domain-containing protein"
"A0A4Y2N3N3","Uncharacterized protein"
"A0A4Y2TLB8","Toxin CSTX-20"
"A0A4Y2II68","Ankyrin-3"
"A0A4Y2HVT9","Ankyrin repeat domain-containing protein 13C-A"
"A0A4Y2E948","Transient receptor potential-gamma protein"
"A0A4Y2NQE4","Ankyrin repeat protein RF_0381"
"A0A4Y2DIT9","Ankyrin-1"
"A0A4Y2EMK7","Ankyrin-3"
"A0A4Y2QJ15","BRCA1-associated RING domain protein 1"
"A0A4Y2SAQ1","ANK_REP_REGION domain-containing protein"
"A0A4Y2II58","Papilin"
"A0A4Y2PB51","Ankyrin-2"
"A0A4Y2LND8","ANK_REP_REGION domain-containing protein"
"A0A4Y2TI37","Ankyrin repeat domain-containing protein 29"
"A0A4Y2HDY6","Papilin"
"A0A4Y2UC36","Uncharacterized protein"
"A0A4Y2HL63","ANK_REP_REGION domain-containing protein"
"A0A4Y2AN90","ANK_REP_REGION domain-containing protein"
"A0A4Y2RS84","Ankyrin-2"
"A0A4Y2L564","RNA helicase"
"A0A4Y2L2K8","Ankyrin repeat protein RF_0381"
"A0A4Y2LV21","RING-type E3 ubiquitin transferase"
"A0A4Y2BIA8","ANK_REP_REGION domain-containing protein"
"A0A4Y2PBP5","WAP domain-containing protein"
"A0A4Y2BJF3","Myotrophin"
"A0A4Y2B2M7","Uncharacterized protein"
"A0A4Y2IW83","Histone-lysine N-methyltransferase EHMT1"
"A0A4Y2EUE4","Ankyrin repeat protein FPV162"
"A0A4Y2KBY0","Serine/threonine-protein phosphatase 6 regulatory ankyrin repeat subunit A"
"A0A4Y2IFI2","Inhibitor of Bruton tyrosine kinase"
"A0A4Y2C910","E3 ubiquitin-protein ligase HECTD1"
"A0A4Y2TJM9","Ankyrin-2"
"A0A4Y2WQ88","ANK_REP_REGION domain-containing protein"
"A0A4Y2GGQ4","Uncharacterized protein"
"A0A4Y2N707","Ankyrin repeat domain-containing protein 12"
"A0A4Y2E851","Espin"
"A0A4Y2TZT0","WAP domain-containing protein"
"A0A4Y2E324","Nuclear factor NF-kappa-B p110 subunit"
"A0A4Y2CY94","Epidermal cell surface receptor"
"A0A4Y2RXT8","Ankyrin repeat protein FPV162"
"A0A4Y2STR0","Ankyrin-2"
"A0A4Y2FVE3","Ankyrin repeat domain-containing protein 17"
"A0A4Y2SVN0","Ankyrin-1"
"A0A4Y2UTJ1","Ankyrin repeat and protein kinase domain-containing protein 1"
"A0A4Y2IL62","Ankyrin-3"
"A0A4Y2JLY7","ANK_REP_REGION domain-containing protein"
"A0A4Y2GNJ3","Ankyrin-2"
"A0A4Y2SV87","ANK_REP_REGION domain-containing protein"
"A0A4Y2MF58","Ankyrin-1"
"A0A4Y2PX59","ANK_REP_REGION domain-containing protein"
"A0A4Y2DZ81","ANK_REP_REGION domain-containing protein"
"A0A4Y2UR80","Ankyrin-3"
"A0A4Y2ATI3","Serine/threonine-protein phosphatase 6 regulatory ankyrin repeat subunit C"
"A0A4Y2AYC6","Tankyrase-2"
"A0A4Y2U6Y4","Ankyrin-3"
"A0A4Y2KT16","L-asparaginase"
"A0A4Y2F8S5","Tankyrase-like protein"
"A0A4Y2TR39","Ankyrin repeat domain-containing protein 16"
"A0A4Y2R4R7","Ankyrin-3"
"A0A4Y2CK89","Integrin-linked protein kinase"
"A0A4Y2Q9W2","ANK_REP_REGION domain-containing protein"
"A0A4Y2AGY5","ANK_REP_REGION domain-containing protein"
"A0A4Y2G6R5","Uncharacterized protein"
"A0A4Y2DYJ7","ArfGAP with SH3 domain, ANK repeat and PH domain-containing protein"
"A0A4Y2W1F2","KN motif and ankyrin repeat domain-containing protein 1"
"A0A4Y2TPS7","ANK_REP_REGION domain-containing protein"
"A0A4Y2R027","Ankyrin-2"
"A0A4Y2GUC6","Protein fem-1 A"
"A0A4Y2J3Q5","ANK_REP_REGION domain-containing protein"
"A0A4Y2SXN0","Ankyrin-3"
"A0A4Y2HZP5","Ankyrin-1"
"A0A4Y2ATN7","ANK_REP_REGION domain-containing protein"
"A0A4Y2A8B8","Ankyrin repeat and sterile alpha motif domain-containing protein 1B"
"A0A4Y2DPV3","INVERT_DEFENSINS domain-containing protein"
"A0A4Y2DWZ9","ArfGAP with SH3 domain, ANK repeat and PH domain-containing protein"
"A0A4Y2B1H9","Acyl-CoA-binding domain-containing protein 6"
"A0A4Y2J6C8","Ankyrin-3"
"A0A4Y2MCR7","ANK_REP_REGION domain-containing protein"
"A0A4Y1ZQR5","ANK_REP_REGION domain-containing protein"
"A0A2D0PBQ4","U6-Eretoxin-Ek1u_1"
"A0A2D0PCL0","U6-Eretoxin-Ek1b_1"
"A0A4Y2I0C3","Ankyrin-2"
"A0A4Y2NBG7","Ankyrin repeat domain-containing protein 12"
"A0A4Y2MR34","Uncharacterized protein"
"A0A4Y2VV05","Ankyrin repeat, PH and SEC7 domain containing protein secG"
"A0A4Y2CHP1","ANK_REP_REGION domain-containing protein"
"A0A4Y2KEC8","Ankyrin repeat domain-containing protein 50"
"A0A4Y2A6R8","Transient-receptor-potential-like protein"
"A0A4Y2MNK2","Protein TANC2"
"A0A4Y2VF99","ANK_REP_REGION domain-containing protein"
"A0A4Y2L8C0","Ankyrin-3"
"A0A4Y2KFY8","Ankyrin repeat domain-containing protein 39"
"A0A4Y2BL85","Ankyrin repeat protein FPV162"
"A0A4Y2MH73","ANK_REP_REGION domain-containing protein"
"A0A4Y2CIC2","Integrin-linked protein kinase"
"A0A4Y2MNG4","ANK_REP_REGION domain-containing protein"
"A0A4Y2LTC3","KN motif and ankyrin repeat domain-containing protein 1"
"A0A4Y2UML7","Ankyrin-3"
"A0A4Y2MR67","Ankyrin-1"
"A0A4Y2L4F4","Ankyrin repeat protein RF_0381"
"A0A4Y2JGY1","Ankyrin-3"
"A0A4Y2TNM3","Ankyrin repeat protein RF_0381"
"A0A4Y2K975","Inversin-A"
"A0A2D0PCG1","U16-Eretoxin-Ek1q_1"
"A0A4Y2J135","ANK_REP_REGION domain-containing protein"
"A0A4Y2JFR7","ANK_REP_REGION domain-containing protein"
"A0A2D0PBL8","U16-Eretoxin-Ek1e_1"
"A0A4Y2SD07","ANK_REP_REGION domain-containing protein"
"A0A4Y2UP09","Ankyrin-2"
"A0A4Y2N8I3","ANK_REP_REGION domain-containing protein"
"A0A4Y2MHF5","Alpha-latrocrustotoxin-Lt1a"
"A0A4Y2EMN2","Ankyrin-3"
"A0A4Y2BJ48","Ankyrin-3"
"A0A4Y2ET07","Ankyrin repeat protein RF_0381"
"A0A4Y2LMC6","ANK_REP_REGION domain-containing protein"
"A0A4Y2RSJ8","Uncharacterized protein"
"A0A4Y2EQL5","ANK_REP_REGION domain-containing protein"
"A0A4Y2IMF7","Transient-receptor-potential-like protein"
"A0A4Y2JMP2","Notch-regulated ankyrin repeat-containing protein"
"A0A4Y2ATP7","Ankyrin repeat protein RF_0381"
"A0A4Y2PQ70","Usher syndrome type-1G protein"
"A0A4Y2NHJ2","ANK_REP_REGION domain-containing protein"
"A0A4Y2Q0W1","Ankyrin repeat domain-containing protein 13D"
"A0A4Y2BXQ0","CAP-Gly domain-containing linker protein 3"
"A0A4Y2RG99","Uncharacterized protein"
"A0A4Y2V5T7","Ankyrin-3"
"A0A4Y2C4S1","Ankyrin repeat domain-containing protein 40"
"A0A4Y2TX52","Transient receptor potential cation channel subfamily A member 1"
"A0A4Y2Q073","Tankyrase-1"
"A0A4Y2S979","ANK_REP_REGION domain-containing protein"
"A0A2D0PCI3","U16-Eretoxin-Ek1r_1"
"A0A2D0PCD1","U16-Eretoxin-Ek1o_1"
"A0A2D0PCW0","U16-Eretoxin-Ek1u_1"
"A0A4Y2B244","ANK_REP_REGION domain-containing protein"
"A0A4Y2LMV5","85/ calcium-independent phospholipase A2"
"A0A4Y2R6N0","ANK_REP_REGION domain-containing protein"
"A0A4Y2JPJ4","ANK_REP_REGION domain-containing protein"
"A0A4Y2TWB0","WAP domain-containing protein"
"A0A4Y2M6H8","Ankyrin-3"
"A0A4Y2E0M4","Ankyrin-1"
"A0A4Y2ELY6","NF-kappa-B inhibitor cactus"
"A0A4Y2IE59","Calmodulin-binding transcription activator 1"
"A0A4Y2NCZ1","Ankyrin repeat and SAM domain-containing protein 1A"
"A0A4Y2Q5S6","Ankyrin repeat domain-containing protein 13D"
"A0A4Y2BMR5","ANK_REP_REGION domain-containing protein"
"A0A4Y2SK85","ANK_REP_REGION domain-containing protein"
"A0A4Y2PCK7","Transient receptor potential cation channel subfamily V member 6"
"A0A4Y2NVU6","Uncharacterized protein"
"A0A4Y2AJ39","Ankyrin repeat protein RF_0381"
"A0A4Y2NR91","Ankyrin repeat domain-containing protein 13D"
"A0A4Y2AU40","ANK_REP_REGION domain-containing protein"
"A0A4Y2I680","Ankyrin repeat domain-containing protein 10"
"A0A4Y2EXA7","Inversin"
"A0A4Y2QJZ0","Notch-regulated ankyrin repeat-containing protein A"
"A0A4Y2ALZ1","ANK_REP_REGION domain-containing protein"
"A0A4Y2KCF6","ANK_REP_REGION domain-containing protein"
"K4K943","Peptide toxin T-39"
"A0A4Y2L946","Ankyrin-2"
"A0A4Y2HGN6","Ankyrin repeat protein L88"
"A0A4Y2J331","ANK_REP_REGION domain-containing protein"
"A0A2D0PBP0","U6-Eretoxin-Ek1v_1"
"A0A4Y2CDV4","Ankyrin repeat and SAM domain-containing protein 6"
"A0A4Y2BMN9","Ankyrin-1"
"A0A4Y2E2Y2","Uncharacterized protein"
"A0A4Y2KAX8","ANK_REP_REGION domain-containing protein"
"A0A4Y2KCD2","ANK_REP_REGION domain-containing protein"
"A0A4Y2C694","ANK_REP_REGION domain-containing protein"
"A0A4Y2I297","Ankyrin-3"
"A0A4Y2I820","ANK_REP_REGION domain-containing protein"
"A0A4Y2Q5H5","Ankyrin-3"
"A0A4Y2GZE6","Transient receptor potential-gamma protein"
"A0A4Y2ARP5","WAP domain-containing protein"
"A0A4Y2BTD0","Ankyrin-1"
"A0A4Y2MPE6","ANK_REP_REGION domain-containing protein"
"A0A4Y2KE35","Ankyrin-1"
"A0A4Y2NIE4","Ankyrin-3"
"A0A4Y2A1T0","Ankyrin repeat and MYND domain-containing protein 2"
"A0A4Y2QK57","ANK_REP_REGION domain-containing protein"
"A0A4Y2A411","Ankyrin-3"
"A0A4Y2A1D9","Ankyrin repeat and protein kinase domain-containing protein 1"
"A0A4Y2MRP4","Ankyrin-3"
"A0A4Y2PGZ6","Endonuclease, Reverse transcriptase"
"A0A4Y2EU25","ANK_REP_REGION domain-containing protein"
"A0A4Y2DN76","Uncharacterized protein"
"A0A4Y2BMU2","ANK_REP_REGION domain-containing protein"
"A0A4Y2NEC9","ANK_REP_REGION domain-containing protein"
"A0A4Y2GGN7","Ankyrin repeat domain-containing protein 49"
"A0A4Y2QXE6","Ankyrin repeat domain-containing protein 54"
"A0A4Y2DSY8","Poly [ADP-ribose] polymerase"
"A0A4Y2PPP7","Ankyrin-1"
"A0A4Y2FFS8","Caskin-1"
"A0A4Y2E1W1","Ankyrin repeat and SAM domain-containing protein 1A"
"A0A4Y2GT63","Phosphoinositide 3-kinase adapter protein 1"
"A0A4Y2JLZ8","ANK_REP_REGION domain-containing protein"
"A0A4Y2QLA8","ANK_REP_REGION domain-containing protein"
"A0A4Y2JMZ3","Ankyrin-1"
"A0A4Y2NYL8","ANK_REP_REGION domain-containing protein"
"A0A4Y2QTH5","Ankyrin repeat and LEM domain-containing protein 2"
"A0A4Y2SBL7","Ankyrin-3"
"A0A4Y2BYF5","L-asparaginase"
"A0A4Y2NK54","Non-specific serine/threonine protein kinase"
"A0A4Y2HPZ8","Ankyrin-3"
"A0A4Y2QPW7","ANK_REP_REGION domain-containing protein"
"A0A4Y2IJF6","ANK_REP_REGION domain-containing protein"
"A0A4Y2ASM9","ANK_REP_REGION domain-containing protein"
"A0A4Y2U344","ANK_REP_REGION domain-containing protein"
"A0A2D0PEH1","U48-Eretoxin-Ek1f_1"
"A0A2D0PBN7","U27-Eretoxin-Ek1a_1"
"A0A4Y2H6E7","Serine/threonine-protein phosphatase 6 regulatory ankyrin repeat subunit C"
"A0A4Y2KVF0","Serine/threonine-protein phosphatase 6 regulatory ankyrin repeat subunit B"
"A0A4Y2P3D4","Serine/threonine-protein phosphatase 6 regulatory ankyrin repeat subunit B"
"A0A4Y2KXC4","Ankyrin repeat and SAM domain-containing protein 3"
"A0A4Y2RSJ0","U1-lycotoxin-Ls1k"
"A0A4Y2AMW6","Serine/threonine-protein phosphatase 6 regulatory ankyrin repeat subunit B"
"A0A4Y2NAP8","ANK_REP_REGION domain-containing protein"
"A0A4Y1ZTV6","ANK_REP_REGION domain-containing protein"
"A0A4Y2GYF9","Kinase D-interacting substrate B"
"A0A4Y2N358","Ankyrin-1"
"A0A4Y1ZQ21","Uncharacterized protein"
"A0A2D0PE83","U48-Eretoxin-Ek1d_1"
"A0A4Y2TMS2","Ankyrin repeat and protein kinase domain-containing protein 1"
"A0A4Y2V8A3","Uncharacterized protein"
"A0A4Y2LJ13","Serine/threonine-protein phosphatase 6 regulatory ankyrin repeat subunit B"
"A0A4Y2IJN4","ANK_REP_REGION domain-containing protein"
"A0A4Y2DPL7","Uncharacterized protein"
"A0A4Y2W5G9","Ankyrin-2"
"A0A4Y2NMP8","Ankyrin-1"
"A0A4Y2B2Y3","Ankyrin repeat and protein kinase domain-containing protein 1"
"A0A4Y1ZM41","ANK_REP_REGION domain-containing protein"
"A0A4Y2HIC0","Synphilin-1"
"A0A4Y2HGP2","Uncharacterized protein"
"A0A4Y2AL94","Protein phosphatase 1 regulatory subunit 12A"
"A0A4Y2JPY1","ANK_REP_REGION domain-containing protein"
"A0A4Y2GJS1","Ankyrin repeat domain-containing protein 6"
"A0A088BPM2","Secretory peptide"
"A0A088BPM7","Secretory peptide"
"A0A088BP84","Secretory peptide"
"A0A088BPQ3","Secretory peptide"
"A0A088BP94","Secretory peptide"
"A0A088BP98","Secretory peptide"
"A0A088BPW0","Secretory peptide"
"L7X8N6","Alpha-latrotoxin"
"A0A088BPI7","Secretory peptide"
"A0A088BPQ0","Secretory peptide"
"A0A088BP67","Secretory peptide"
"A0A088BPS0","Secretory peptide"
"A0A088BP81","Secretory peptide"
"A0A088BPN4","Secretory peptide"
"A0A088BP93","Secretory peptide"
"A0A088BPG9","Secretory peptide"
"A0A088BPS2","Secretory peptide"
"A0A088BPG7","Secretory peptide"
"A0A088BPM3","Secretory peptide"
"A0A088BP74","Secretory peptide"
"A0A088BPG8","Secretory peptide"
"A0A088BPR1","Secretory peptide"
"A0A088BPG6","Secretory peptide"
"A0A1V0FWG3","U3-theritoxin-Lm3"
"A0A4Y5UGQ9","Toxin 21 isoform b"
"A0A4Y5UGL2","Toxin 31 isoform c"
"A0A4Y5UGM7","Toxin 31 isoform a"
"A0A4Y5UGR8","Toxin 21 isoform g"
"A0A4Y5UGP3","Toxin 8 isoform b"
"A0A4Y5UGR2","Toxin 40"
"A0A4Y5UGS3","Toxin 35 isoform b"
"A0A1V0FWS6","U3-theritoxin-Lm1"
"A0A4Y5UGK2","Toxin 33 isoform b"
"T1DCA4","Putative ankyrin-1"
"A0A4Y5UGK5","Toxin 9 isoform b"
"A0A4Y5UGL5","Toxin 11 isoform a"
"A0A0F7VK57","Csa-Trpl2"
"A0A4Y5UGJ0","Toxin 12 isoform b"
"A0A4Y5UGL7","Toxin 17"
"A0A4Y5UGL1","Toxin 31 isoform b"
"A0A4Y5UGT4","Toxin 41 isoform"
"A0A4Y5UHF0","Toxin 20 isoform b"
"A0A4Y5UGR4","Toxin 31 isoform d"
"A0A4Y5UHY7","Toxin 39"
"A0A4Y5UGV0","Toxin 20 isoform a"
"A0A4Y5UGQ6","Toxin 21 isoform c"
"A0A4Y5UGK4","Toxin 23 isoform a"
"A0A4Y5UGU0","Toxin 24 isoform b"
"A0A4Y5UHG3","Toxin 22 isoform c"
"A0A4Y5UGS5","Toxin 21 isoform e"
"A0A2L2Z0F9","ANK_REP_REGION domain-containing protein"
"A0A482Z752","U10-Theriditoxin-Lha1e_1"
"A0A4Y5UGR1","Toxin 35 isoform a"
"A0A4Y5UHC6","Toxin 24 isoform c"
"A0A4Y5UGT5","Toxin 21 isoform f"
"A0A482ZHV0","U16-Theriditoxin-Lha1a_1"
"L7XDR9","Alpha-latrotoxin"
"A0A1V0FWL3","U3-theritoxin-Lm4"
"A0A4Y5UGK6","Toxin 13 isoform b"
"T1DC98","Putative TRP Channel"
"A0A4Y5UGS6","Toxin 22 isoform a"
"A0A4Y5UGM4","Toxin 36 isoform b"
"A0A4Y5UGI1","Toxin 1 isoform b"
"A0A4Y5UGR0","Toxin 21 isoform d"
"A0A4Y5UGK1","Toxin 9 isoform a"
"T1E1B2","Putative ankyrin repeat and death-containing protein"
"A0A4Y5UGN3","Toxin 36 isoform c"
"A0A4Y5UGQ5","Toxin 27"
"A0A4Y5UGP8","Toxin 42 isoform d"
"A0A4Y5UGP9","Toxin 26"
"A0A4Y5UI06","Toxin 21 isoform a"
"A0A4Y5UGP7","Toxin 24 isoform a"
"A0A4Y5UGN6","Toxin 42 isoform c"
"A0A4Y5UHB9","Toxin 37 isoform"
"A0A0F7VHG2","Csa-Trp1"
"A0A4Y5UHS9","Toxin 28 isoform a"
"A0A4Y5UGQ0","Toxin 38 isoform c"
"A0A4Y5UHR3","Toxin 33 isoform a"
"A0A2L2YIQ1","U8-agatoxin-Ao1a"
"A0A2L2Y6K8","ANK_REP_REGION domain-containing protein"
"A0A2L2Y1T7","Cystine knot toxin"
"A0A482ZD87","U17-Theriditoxin-Lha1a_1"
"A0A1V0FWK0","U1-theritoxin-Lm1"
"A0A482ZIY9","U10-Theriditoxin-Lha1c_1"
"A0A4Y5UGN8","Toxin 42 isoform b"
"A0A4Y5UH90","Toxin 25"
"D5J6X8","Putative mature sequence toxin-like ACSKQ"
"D5J6Y3","Putative toxin"
"A0A4Y5UGN9","Toxin 38 isoform a"
"A0A4Y5UI29","Hemocyte agatoxin-like peptide"
"A0A4Y5UGP0","Toxin 42 isoform a"
"A0A4Y5UGW0","Toxin 22 isoform b"
"T1JX76","Uncharacterized protein"
"T1K5Q8","ANK_REP_REGION domain-containing protein"
"T1K5N1","ANK_REP_REGION domain-containing protein"
"T1KA31","ANK_REP_REGION domain-containing protein"
"T1KUX6","Uncharacterized protein"
"T1JPL5","Uncharacterized protein"
"T1K933","Palmitoyltransferase"
"T1JYG8","ANK_REP_REGION domain-containing protein"
"T1KE32","ANK_REP_REGION domain-containing protein"
"T1L3X9","ANK_REP_REGION domain-containing protein"
"T1JUE7","ANK_REP_REGION domain-containing protein"
"T1KA48","Uncharacterized protein"
"T1KBA3","Uncharacterized protein"
"T1JQL3","Uncharacterized protein"
"T1KSV9","ANK_REP_REGION domain-containing protein"
"T1K991","Non-specific serine/threonine protein kinase"
"T1K9X8","Uncharacterized protein"
"T1KB15","Uncharacterized protein"
"T1K2W4","Uncharacterized protein"
"T1KKY2","Uncharacterized protein"
"T1K9M8","Non-specific serine/threonine protein kinase"
"T1JQL0","Uncharacterized protein"
"T1KBA4","Uncharacterized protein"
"T1L6L6","ANK_REP_REGION domain-containing protein"
"T1L073","ANK_REP_REGION domain-containing protein"
"T1JZU0","Uncharacterized protein"
"T1KNB5","Uncharacterized protein"
"T1KWV6","ANK_REP_REGION domain-containing protein"
"T1JV32","Uncharacterized protein"
"T1JSH7","ANK_REP_REGION domain-containing protein"
"T1JQ06","Uncharacterized protein"
"T1KST5","ANK_REP_REGION domain-containing protein"
"T1KL84","ANK_REP_REGION domain-containing protein"
"T1JX25","ANK_REP_REGION domain-containing protein"
"T1KWX7","Uncharacterized protein"
"T1KNX6","ANK_REP_REGION domain-containing protein"
"T1JSJ4","Uncharacterized protein"
"T1KGW7","ANK_REP_REGION domain-containing protein"
"T1KXU1","Uncharacterized protein"
"T1JWZ7","Uncharacterized protein"
"T1K306","ANK_REP_REGION domain-containing protein"
"T1KH94","ANK_REP_REGION domain-containing protein"
"T1K852","Uncharacterized protein"
"T1KZ04","Uncharacterized protein"
"T1JS04","ANK_REP_REGION domain-containing protein"
"T1L2G8","Uncharacterized protein"
"T1KMS8","Uncharacterized protein"
"T1KE69","Glutaminase"
"T1L3M2","ANK_REP_REGION domain-containing protein"
"T1L684","ANK_REP_REGION domain-containing protein"
"T1K5W7","Uncharacterized protein"
"T1L685","Uncharacterized protein"
"D0URK2","Protein kinase"
"T1KTP7","Uncharacterized protein"
"T1K444","ANK_REP_REGION domain-containing protein"
"T1JVY6","Uncharacterized protein"
"T1JXK5","ANK_REP_REGION domain-containing protein"
"T1K446","Uncharacterized protein"
"T1K447","Poly [ADP-ribose] polymerase"
"T1KH15","Uncharacterized protein"
"T1KNS1","ANK_REP_REGION domain-containing protein"
"T1K7T8","Glutaminase"
"T1JYZ4","ANK_REP_REGION domain-containing protein"
"T1JZT5","Uncharacterized protein"
"T1JQL4","ANK_REP_REGION domain-containing protein"
"T1KBG4","Uncharacterized protein"
"T1K422","ANK_REP_REGION domain-containing protein"
"T1JSV9","ANK_REP_REGION domain-containing protein"
"T1JT22","Uncharacterized protein"
"T1KFT1","ANK_REP_REGION domain-containing protein"
"A0A1D0BNE8","Omega-hexatoxin-Hi1a_10"
"A0A1D0BWC6","U19-hexatoxin_Hi1a_2"
"A0A482ZI76","U32-Theraphotoxin-Ct1l_1"
"A0A087T8E1","Poly(ADP-ribose) polymerase pme-5"
"A0A087TCB4","Neurogenic locus notch-like protein 2"
"A0A087TGD5","Uncharacterized protein"
"A0A087V1J2","ANK_REP_REGION domain-containing protein"
"A0A087T037","ANK_REP_REGION domain-containing protein"
"A0A087TFW3","Calmodulin-binding transcription activator 1"
"A0A087V0K4","Ankyrin repeat and KH domain-containing protein 1"
"A0A087TKB6","Ankyrin repeat domain-containing protein 40"
"A0A087V0C8","Ankyrin repeat domain-containing protein 50"
"A0A087TPC3","Transient-receptor-hypothetical-like protein"
"A0A087T1M1","Histone-lysine N-methyltransferase EHMT1"
"A0A087UI72","ANK_REP_REGION domain-containing protein"
"A0A087T6M4","Integrin-linked protein kinase"
"A0A087UPE1","Ankyrin-2"
"A0A087ULF5","Protein phosphatase 1 regulatory subunit 12A"
"A0A087T2Z3","Ankyrin repeat domain-containing protein 50"
"A0A087UQG3","Ankyrin repeat and FYVE domain-containing protein 1"
"A0A087USP5","Transient receptor hypothetical cation channel subfamily A member 1"
"A0A087UMC5","KN motif and ankyrin repeat domain-containing protein 1"
"A0A087SWL4","Ankyrin repeat domain-containing protein 13C"
"A0A087TTD0","Protein fem-1-like protein"
"A0A087U966","Short transient receptor hypothetical channel 5"
"A0A087UYV9","Ankyrin repeat, SAM and basic leucine zipper domain-containing protein 1, Germ cell-specific ankyrin, SAM and basic leucine zipper domain-containing protein"
"A0A087TYV6","RBR-type E3 ubiquitin transferase"
"A0A087UP39","Kinase D-interacting substrate"
"A0A087UKQ8","ANK_REP_REGION domain-containing protein"
"A0A087TE89","Notch-regulated ankyrin repeat-containing protein"
"A0A087T2H5","E3 ubiquitin-protein ligase MIB1"
"A0A087UJW3","Ankyrin repeat and SOCS box protein 3"
"A0A087U5A6","Putative ankyrin repeat protein"
"A0A087V0D9","Uncharacterized protein"
"A0A087TF94","SH3 and multiple ankyrin repeat domains protein 3"
"B3FIT1","HWTX-IId"
"B3FIQ5","HWTX-XVIb1"
"A0A087TVV3","Papilin"
"A0A023WAI7","HW11c13 toxin"
"B3FIT2","HWTX-VIIa"
"A0A023WAE4","HW11c122 toxin"
"A0A023WBU3","HW11c64 toxin"
"A0A087TBX5","Protein fem-1-like protein"
"B3FIP8","HWTX-XVIa4"
"A0A023WAD7","HW11c57 toxin"
"A0A023WAD2","HW11c40 toxin"
"B3FIS8","HWTX-IIa"
"B2ZBA2","HW17g1 toxin-like"
"B3FIT3","HWTX-VIIb"
"B3FIQ0","HWTX-XVIa6"
"B2ZBA7","HW17g29 toxin-like"
"A0A023WAJ3","HW11c45 toxin"
"A0A023WAD9","HW11c91 toxin"
"B2ZBB4","HW18gS5 toxin-like"
"B3FIR6","HWTX-Ia9"
"B3FIR3","HWTX-Ia6"
"A0A076L0S4","BLTX669"
"A0A023WAI4","HW11c3 toxin"
"B3FIR9","HWTX-Ic"
"B2ZBB1","HW18gM13 toxin-like"
"B2ZBA8","HW18gM4 toxin-like"
"A0A023WAK0","HW11c80 toxin"
"B3FIU5","HWTX-II"
"A0A023WBJ4","HW11c126 toxin"
"A0A023WAK2","HW11c97 toxin"
"B3FIT0","HWTX-IIc"
"B3FIQ2","HWTX-XVIa8"
"B5U1J9","HWTX-III"
"B3FIQ3","HWTX-XVIa9"
"A0A023WBI4","HW11c63 toxin"
"A9XXU6","Putative integrin-linked protein kinase"
"B3FIQ6","HWTX-XVIb2"
"B3FIT5","HWTX-VIIIa"
"B3FIU4","HWTX-V"
"B2ZBA6","HW17g18 toxin-like"
"A0A023WBH7","HW11c14 toxin"
"A0A023WBT0","HW11c20 toxin"
"B2ZBB0","HW18gM11 toxin-like"
"A0A023WB47","HW11c117 toxin"
"B3FIP7","HWTX-XVIa3"
"A0A023WB42","HW11c67 toxin"
"A0A023WBU6","HW11c87 toxin"
"B3FIR0","HWTX-Ia3"
"A0A023WAC9","HW11c24 toxin"
"B3FIQ9","HWTX-Ia2"
"B2ZBB5","HW18gS6 toxin-like"
"B2ZBB2","HW18gL14 toxin-like"
"A0A023WBH6","HW11c4 toxin"
"B3FIQ8","HWTX-Ia1"
"B3FIP9","HWTX-XVIa5"
"B3FIP5","HWTX-XVIa1"
"B2ZBA4","HW17g20 toxin-like"
"A0A023WB31","HW11c8 toxin"
"A0A023WAJ0","HW11c27 toxin"
"B3FIS9","HWTX-IIb"
"A0A023WBI0","HW11c31 toxin"
"A0A023WB45","HW11c88 toxin"
"A0A023WAJ6","HW11c61 toxin"
"B3FIR7","HWTX-Ia10"
"A0A0A0V669","Venom peptide U3-SYTX-Sth1c"
"A0A023WB32","HW11c22 toxin"
"B5U1K0","HWTX-VIII"
"A0A023WBI6","HW11c83 toxin"
"A0A023WB38","HW11c54 toxin"
"B3FIT4","HWTX-VIIc"
"B3FIQ1","HWTX-XVIa7"
"B2ZBA5","HW17g8 toxin-like"
"B2ZBA9","HW18gL8 toxin-like"
"B3FIP6","HWTX-XVIa2"
"A0A023WBT6","HW11c36 toxin"
"A0A023WBT9","HW11c50 toxin"
"B3FIR4","HWTX-Ia7"
"B3FIR8","HWTX-Ib"
"B2ZBA3","HW17g3 toxin-like"
"A0A4Y5UGN7","Toxin 38 isoform b S1"
"A0A4Y5UGJ3","Toxin 8 isoform a S1"
"A0A1D0BRC8","Omega-hexatoxin-Hi1h_1"
"A0A4Y5UGM6","Toxin 34 isoform a S1"
"A0A4Y5UH66","Toxin 12 isoform a S1"
"A0A4Y2VRQ7","Ankyrin repeat and death domain-containing protein 1A"
"A0A4Y5UGJ5","Toxin 10 isoform a S1"
"A0A4Y5UGL8","Toxin 36 isoform a S1"
"A0A0C4W4D6","Clone 942 transcribed RNA sequence"
"D0URG3","Protein kinase"
"A0A4Y5UHA6","Toxin 34 isoform b S1"
"A0A4Y5UGQ1","Toxin 29 isoform S1"
"A0A0C4W5S6","Clone 1378 transcribed RNA sequence"
"A0A4Y2LND1","ANK_REP_REGION domain-containing protein"
"A0A4Y5UGH9","Toxin 1 isoform c S1"
"A0A4Y5UGP4","Toxin 30 isoform S1"
"A0A4Y5UGM2","Toxin 19 isoform S1"
"K4JZ61","Peptide toxin T-48"
"A0A4Y1ZR52","Ankyrin-3"
"A0A4Y2WB61","Ankyrin repeat and death domain-containing protein 1A"
"A0A4Y5UH50","Toxin 1 isoform a S1"
"A0A4Y2SHS7","Tankyrase"
"A0A4Y2TZ99","ANK_REP_REGION domain-containing protein"
"A0A4Y2F9G2","Tankyrase-like protein"
"A0A4Y2NU88","Ankyrin repeat and LEM domain-containing protein 1"
"A0A4Y5UGM3","Toxin 18 isoform a S1"
"A0A4Y2LPI6","Osteoclast-stimulating factor 1"